Atom,SelfEnergy
H, -0.5955620625406152 
C, -38.03440971704107 
N, -54.65338510146114 
O, -75.10651470086205 
Cl, -460.00015112175925 
