Atom,SelfEnergy
H, -0.5983193624187196 
C, -38.04177290728428 
N, -54.66963320647706 
O, -75.1189072717584 
Cl, -460.01023290648436 
