Atom,SelfEnergy
H, -0.5947519046939345 
C, -38.03595454442501 
N, -54.653471323443284 
O, -75.10416834277669 
Cl, -459.9999294596113 
