Atom,SelfEnergy
H, -0.5949060973137673 
C, -38.049016787871835 
N, -54.67203663601404 
O, -75.11136929589632 
Cl, -459.99925054101647 
