Atom,SelfEnergy
H, -0.5989637355589829 
C, -38.021937225643164 
N, -54.63744074917655 
O, -75.08320543290185 
Cl, -459.982211057872 
