Atom,SelfEnergy
H, -0.594751904693999 
C, -38.03595454442494 
N, -54.65347132344327 
O, -75.10416834277667 
Cl, -459.9999294596112 
