Atom,SelfEnergy
H, -0.5931580338027455 
C, -38.03964491358553 
N, -54.65480555642147 
O, -75.10073294674754 
Cl, -459.99448519527874 
