Atom,SelfEnergy
H, -0.5978969837450583 
C, -38.04281893778219 
N, -54.67355346932509 
O, -75.1196086324433 
Cl, -459.9891328148137 
