Atom,SelfEnergy
H, -0.5989637355589391 
C, -38.02193722564334 
N, -54.637440749175745 
O, -75.0832054329022 
Cl, -459.9822110578709 
