Atom,SelfEnergy
H, -0.5916497377563705 
C, -38.034649500789115 
N, -54.63664394840251 
O, -75.08225250755216 
Cl, -459.9812404500197 
