Atom,SelfEnergy
H, -0.5961625131003916 
C, -38.04732756314438 
N, -54.67372076272999 
O, -75.11865028843994 
Cl, -460.0082701767763 
