Atom,SelfEnergy
H, -0.5937911534859174 
C, -38.052191848528224 
N, -54.67582020532076 
O, -75.11382159946903 
Cl, -460.0010844971616 
