Atom,SelfEnergy
H, -0.6021434561432125 
C, -38.03397887757612 
N, -54.67727217453667 
O, -75.13091262606741 
Cl, -460.02454600081256 
