Atom,SelfEnergy
H, -0.5963117371443056 
C, -38.04702681229901 
N, -54.67404129079473 
O, -75.11930461166057 
Cl, -460.0080410500111 
