Atom,SelfEnergy
H, -0.5916393973702843 
C, -38.03467203688281 
N, -54.6366500942572 
O, -75.08223750806172 
Cl, -459.9812039897107 
