Atom,SelfEnergy
H, -0.5955620625405801 
C, -38.03440971704117 
N, -54.653385101461154 
O, -75.10651470086182 
Cl, -460.0001511217591 
