Atom,SelfEnergy
H, -0.5961625131003364 
C, -38.04732756314449 
N, -54.673720762729864 
O, -75.11865028843985 
Cl, -460.0082701767764 
