Atom,SelfEnergy
H, -0.594393089204305 
C, -38.028052865216495 
N, -54.63475551729127 
O, -75.08774046214512 
Cl, -459.99301097028206 
