Atom,SelfEnergy
H, -0.5978969837450667 
C, -38.04281893778219 
N, -54.67355346932497 
O, -75.1196086324431 
Cl, -459.98913281481384 
