Atom,SelfEnergy
H, -0.6007566058403137 
C, -38.022247404059996 
N, -54.6529276666807 
O, -75.11371252929995 
Cl, -460.01801458044315 
