Atom,SelfEnergy
H, -0.5949061046172984 
C, -38.04901678297671 
N, -54.67203672557927 
O, -75.11136926691695 
Cl, -459.99925047792755 
